"seqnames"	"start"	"end"	"ref_allele"	"mutated_to_allele"	"Sample"	"DiffInVEx_gene"	"DiffInVEx_class"	"DiffInVEx_width"
"chr12"	70915272	70915272	"A"	"C"	25424	"PTPRB"	"target"	6892
"chr12"	70928339	70928339	"G"	"T"	29147	"PTPRB"	"target"	6892
"chr12"	70932745	70932745	"G"	"T"	19843	"PTPRB"	"target"	6892
"chr12"	70934646	70934646	"C"	"T"	37620	"PTPRB"	"target"	6892
"chr12"	70960443	70960443	"T"	"A"	28278	"PTPRB"	"target"	6892
"chr12"	70974973	70974973	"C"	"T"	30488	"PTPRB"	"target"	6892
"chr12"	70975049	70975049	"T"	"G"	37076	"PTPRB"	"target"	6892
"chr12"	70980975	70980975	"G"	"A"	26051	"PTPRB"	"target"	6892
"chr12"	70981024	70981024	"G"	"A"	20115	"PTPRB"	"target"	6892
"chr12"	71029663	71029663	"C"	"A"	25966	"PTPRB"	"target"	6892
"chr12"	70915377	70915377	"G"	"C"	25777	"PTPRB"	"background"	66002
"chr12"	70917566	70917566	"C"	"G"	23453	"PTPRB"	"background"	66002
"chr12"	70917709	70917709	"C"	"T"	25777	"PTPRB"	"background"	66002
"chr12"	70918589	70918589	"T"	"C"	32571	"PTPRB"	"background"	66002
"chr12"	70918945	70918945	"G"	"T"	15844	"PTPRB"	"background"	66002
"chr12"	70919235	70919235	"C"	"G"	23737	"PTPRB"	"background"	66002
"chr12"	70919833	70919833	"C"	"T"	15844	"PTPRB"	"background"	66002
"chr12"	70923935	70923935	"G"	"A"	31031	"PTPRB"	"background"	66002
"chr12"	70925023	70925023	"G"	"T"	34161	"PTPRB"	"background"	66002
"chr12"	70925077	70925077	"C"	"T"	29761	"PTPRB"	"background"	66002
"chr12"	70926072	70926072	"T"	"A"	34120	"PTPRB"	"background"	66002
"chr12"	70926802	70926802	"C"	"G"	27388	"PTPRB"	"background"	66002
"chr12"	70927056	70927056	"G"	"A"	37311	"PTPRB"	"background"	66002
"chr12"	70930987	70930987	"A"	"T"	27647	"PTPRB"	"background"	66002
"chr12"	70930992	70930992	"G"	"A"	30822	"PTPRB"	"background"	66002
"chr12"	70931819	70931819	"G"	"A"	28422	"PTPRB"	"background"	66002
"chr12"	70939254	70939254	"G"	"C"	24838	"PTPRB"	"background"	66002
"chr12"	70945096	70945096	"A"	"C"	25590	"PTPRB"	"background"	66002
"chr12"	70949300	70949300	"C"	"A"	15123	"PTPRB"	"background"	66002
"chr12"	70949628	70949628	"G"	"A"	28278	"PTPRB"	"background"	66002
"chr12"	70950920	70950920	"C"	"T"	38601	"PTPRB"	"background"	66002
"chr12"	70952126	70952126	"A"	"T"	37312	"PTPRB"	"background"	66002
"chr12"	70953485	70953485	"G"	"A"	22256	"PTPRB"	"background"	66002
"chr12"	70955032	70955032	"G"	"A"	32973	"PTPRB"	"background"	66002
"chr12"	70956919	70956919	"A"	"T"	23674	"PTPRB"	"background"	66002
"chr12"	70957644	70957644	"A"	"G"	25440	"PTPRB"	"background"	66002
"chr12"	70957829	70957829	"C"	"A"	30822	"PTPRB"	"background"	66002
"chr12"	70957975	70957975	"C"	"A"	25027	"PTPRB"	"background"	66002
"chr12"	70958933	70958933	"G"	"T"	14891	"PTPRB"	"background"	66002
"chr12"	70959544	70959544	"C"	"T"	25440	"PTPRB"	"background"	66002
"chr12"	70960601	70960601	"G"	"A"	24045	"PTPRB"	"background"	66002
"chr12"	70960720	70960720	"C"	"T"	15844	"PTPRB"	"background"	66002
"chr12"	70971257	70971257	"T"	"C"	37145	"PTPRB"	"background"	66002
"chr12"	70972772	70972772	"G"	"C"	25356	"PTPRB"	"background"	66002
"chr12"	70974175	70974175	"G"	"A"	37311	"PTPRB"	"background"	66002
"chr12"	70975248	70975248	"C"	"T"	26239	"PTPRB"	"background"	66002
"chr12"	70975759	70975759	"C"	"G"	37916	"PTPRB"	"background"	66002
"chr12"	70977071	70977071	"C"	"T"	23706	"PTPRB"	"background"	66002
"chr12"	70978987	70978987	"T"	"C"	29146	"PTPRB"	"background"	66002
"chr12"	70982271	70982271	"G"	"T"	29147	"PTPRB"	"background"	66002
"chr12"	70982304	70982304	"T"	"A"	25902	"PTPRB"	"background"	66002
"chr12"	70983454	70983454	"C"	"G"	30488	"PTPRB"	"background"	66002
"chr12"	70987996	70987996	"G"	"C"	29146	"PTPRB"	"background"	66002
"chr12"	70992456	70992456	"G"	"A"	30822	"PTPRB"	"background"	66002
"chr12"	71001616	71001616	"C"	"A"	27647	"PTPRB"	"background"	66002
"chr12"	71002572	71002572	"C"	"A"	30491	"PTPRB"	"background"	66002
"chr12"	71007506	71007506	"C"	"A"	25497	"PTPRB"	"background"	66002
"chr12"	71012116	71012116	"C"	"T"	28380	"PTPRB"	"background"	66002
"chr12"	71014731	71014731	"C"	"T"	33764	"PTPRB"	"background"	66002
"chr12"	71015171	71015171	"G"	"C"	32408	"PTPRB"	"background"	66002
"chr12"	71018192	71018192	"C"	"T"	34118	"PTPRB"	"background"	66002
"chr12"	71027121	71027121	"G"	"A"	15844	"PTPRB"	"background"	66002
